Раздел,Номер,Заголовок раздела,CTA кнопка,ID услуги,Название услуги (label),Заголовок при раскрытии,Абзац 1,Абзац 2,Пример 1 — текст,Пример 1 — ссылка,Пример 2 — текст,Пример 2 — ссылка,Пример 3 — текст,Пример 3 — ссылка
Бренд-стратегия,①,Бренд-стратегия,получить кп от стратега,brand-platform,платформа бренда,Платформа бренда,"Разрабатываем ядро бренда: убираем лишнее, чтобы увидеть суть. Результат — документ, который объясняет команде и ИИ, почему вы, для кого и чем отличаетесь.","Используем собственную методологию — конструктор миссии, проверенный на 20+ проектах.",конструктор миссии,https://vc.ru/marketing/2205037-konstruktor-missii-dlya-brenda,критерии метафор,https://workspace.ru/blog/kak-ii-generiruet-metafory/,,
Бренд-стратегия,①,Бренд-стратегия,получить кп от стратега,research,исследование категории,Исследование категории,"Анализируем конкурентов, категорию, целевую аудиторию. Выявляем белые пятна и незанятые позиции.","На основе исследования формируем дифференциаторы и точки роста для бренда.",карта категории,#,портрет аудитории,#,,
Бренд-стратегия,①,Бренд-стратегия,получить кп от стратега,naming,нейминг и регистрация,Нейминг и регистрация,"Создаём имя бренда, которое работает на позиционирование и выдерживает юридическую проверку.","Проверяем по базам Роспатента и помогаем с регистрацией товарного знака.",словарь смыслов,#,тест на регистрацию,#,фонетический тест,#
Визуальные системы,②,Визуальные системы,получить кп от арт-директора,identity,фирменный стиль,Фирменный стиль,"Проектируем визуальную систему: логотип, цвет, типографику, паттерны, фотостиль. Всё, что формирует узнаваемость бренда.","Разрабатываем не отдельные элементы, а систему — с логикой, правилами и примерами применения.",логотип-конструктор,#,тон голоса,#,,
Визуальные системы,②,Визуальные системы,получить кп от арт-директора,guides,библиотеки и гайды,Библиотеки и гайды,"Создаём компонентные библиотеки в Figma и брендбуки, которыми команда пользуется каждый день.","Гайды пишем под реальные задачи: как сделать пост, презентацию, баннер — не теория, а рабочий инструмент.",figma-библиотека,#,,,, 
Визуальные системы,②,Визуальные системы,получить кп от арт-директора,templates,инструменты,Инструменты,"Разрабатываем шаблоны презентаций, постов, коммерческих предложений и других документов в фирменном стиле.","Конструкторы позволяют маркетологам самостоятельно собирать материалы, не нарушая бренд.",шаблоны презентаций,#,конструктор баннеров,#,ии-ускоритель,#
Цифровой дизайн,③,Цифровой дизайн,получить кп от продакта,sites,лендинги и сайты,Лендинги и сайты,"Проектируем и разрабатываем сайты: от лендингов до сложных продуктовых страниц.","Дизайн и разработка внутри одной команды — без потерь при передаче.",лендинг для стартапа,#,продуктовый сайт,#,,
Цифровой дизайн,③,Цифровой дизайн,получить кп от продакта,interfaces,интерфейсы,Интерфейсы,"Проектируем пользовательские интерфейсы для веб-приложений, мобильных продуктов и B2B-платформ.","От исследования и прототипа до готовой дизайн-системы с компонентами в Figma.",b2b-платформа,#,мобильное приложение,#,дизайн-система,#
Цифровой дизайн,③,Цифровой дизайн,получить кп от продакта,special,спецпроекты,Спецпроекты,"Делаем нестандартные digital-форматы: промо-сайты, интерактивные истории, конфигураторы и игровые механики.","Каждый спецпроект — отдельная задача с собственной механикой и визуальным языком.",промо-сайт,#,интерактивная история,#,,
